strategy,swipes,mean,std,count,ci,elapsed_s
adaptive,0,0.462,0.22409023375803644,500,0.019642375034450075,76.0
adaptive,5,0.456,0.2235261234301517,500,0.01959292858408364,93.5
adaptive,10,0.4546,0.22293101281101715,500,0.019540764838381783,111.0
adaptive,15,0.4608,0.22316578127451278,500,0.01956134320152108,128.5
adaptive,20,0.4642,0.2238718320700233,500,0.019623231282434792,146.0
adaptive,25,0.47,0.22369640175988664,500,0.019607854137762636,163.5
adaptive,30,0.471,0.22601142078366157,500,0.01981077450209218,181.0
adaptive,35,0.476,0.23084752795367908,500,0.020234677985734605,198.5
adaptive,40,0.483,0.23116633784247875,500,0.02026262290459821,216.0
adaptive,45,0.48519999999999996,0.23005828310942103,500,0.020165497624926636,233.5
adaptive,50,0.4848,0.23159497504248638,500,0.020300194611740777,251.0
lenskit_pop,0,0.3318,0.23942307076308925,500,0.02098635745503399,76.0
lenskit_pop,5,0.3318,0.23942307076308925,500,0.02098635745503399,93.5
lenskit_pop,10,0.3318,0.23942307076308925,500,0.02098635745503399,111.0
lenskit_pop,15,0.3318,0.23942307076308925,500,0.02098635745503399,128.5
lenskit_pop,20,0.3318,0.23942307076308925,500,0.02098635745503399,146.0
lenskit_pop,25,0.3318,0.23942307076308925,500,0.02098635745503399,163.5
lenskit_pop,30,0.3318,0.23942307076308925,500,0.02098635745503399,181.0
lenskit_pop,35,0.3318,0.23942307076308925,500,0.02098635745503399,198.5
lenskit_pop,40,0.3318,0.23942307076308925,500,0.02098635745503399,216.0
lenskit_pop,45,0.3318,0.23942307076308925,500,0.02098635745503399,233.5
lenskit_pop,50,0.3318,0.23942307076308925,500,0.02098635745503399,251.0
