list_id,user_id,created_at,trigger,lambda,n_informative_answers
03d97fbb11014eb7bbec33c095b310c5,95b3c0d693e947ebbf64b183bb40a34b,2026-10-02T18:19:07.563+00:00,checkin_10,0.0,10
09cab493b0a4456186b12819e7072d31,9d10c755bd414c82918df074c1d6d8a9,2026-10-02T17:52:34.854+00:00,dial,0.09999999999999999,10
0d771863b3c84f7bb069c704df455b8e,9d10c755bd414c82918df074c1d6d8a9,2026-10-02T17:52:38.987+00:00,dial,0.0,10
0da0050cbfd64835ae1603d09b3b6344,7831fce95aed4242b098cfb1a35bb51a,2026-10-02T18:09:19.893+00:00,checkin_10,0.0,10
10772c84c896499a9d8a1e54912cba87,794942c44df841e48d157367b5e3be27,2026-10-02T22:15:22.001+00:00,checkin_10,0.0,10
15da95bada464655ab7a7b5f12c1800c,2598f7d0187440fba1f3ebed755c0ed9,2026-10-02T17:36:12.887+00:00,checkin_25,0.0,25
1642777cba054feb99f93e6cf7eb37df,0eba23e249cf4bf09b55e38d8192c370,2026-10-02T22:17:25.896+00:00,checkin_10,0.0,10
1cf57252d5054bb8b7a0ff85f02a4313,95b3c0d693e947ebbf64b183bb40a34b,2026-10-02T18:19:25.880+00:00,dial,0.19999999999999998,10
1e0e71303d6747578f8f536d6ee040e3,b90ee73ed4d845c6bb68a8c0d9199632,2026-10-02T17:47:33.791+00:00,dial,0.6,10
20e46392686140a884c0018a2defba4f,aae9cb114f654b74a724cf553426a4b7,2026-10-02T18:50:31.146+00:00,checkin_25,0.0,25
21d9fd6e03c647109468dcc7d567577b,aae9cb114f654b74a724cf553426a4b7,2026-10-02T18:49:08.381+00:00,checkin_10,0.0,10
25c9ddc24e964c7d9c44bc1014b558d7,7acc0e1f078a494e9d84d427a352dac2,2026-10-02T18:11:03.068+00:00,checkin_10,0.0,10
2795f8d0f1f74bf3a65de21601b9209d,df7792644ff14b0880ad8387e859d4fa,2026-10-02T18:10:51.658+00:00,refresh,0.0,14
28c5234697e44d10bcf00aecd20c7e7f,b90ee73ed4d845c6bb68a8c0d9199632,2026-10-02T17:48:30.551+00:00,refresh,0.0,20
2e5e70be51304a72947e99bd829c2fad,bcf2d3aa646144348459b153a22a682e,2026-10-02T18:01:14.560+00:00,dial,0.3,10
2f727663e7ed4989b3e3f71bb28a2045,7acc0e1f078a494e9d84d427a352dac2,2026-10-02T18:12:36.160+00:00,checkin_25,0.0,25
30492b0f05af4ee782de56670857152a,f69b65c6d1794feeadfc7360a8c8de3f,2026-10-02T17:52:41.473+00:00,dial,0.6,10
304f510197c54c30a7f6770be863cfe6,9d10c755bd414c82918df074c1d6d8a9,2026-10-02T17:52:36.012+00:00,dial,0.6,10
31656a5d6bc24ef691acb2258d81b28a,ba9e312098e543b39a06846e274fea1f,2026-10-02T18:01:46.954+00:00,checkin_10,0.0,10
35d0aa26a3db40088d83991282dc3aa5,df7792644ff14b0880ad8387e859d4fa,2026-10-02T18:11:15.583+00:00,dial,0.6,18
38943017762645b6b231ae574989c2ce,bcf2d3aa646144348459b153a22a682e,2026-10-02T18:02:42.086+00:00,checkin_25,0.6,25
399d3ad114014039a90e523791b68c01,b90ee73ed4d845c6bb68a8c0d9199632,2026-10-02T17:47:30.468+00:00,checkin_10,0.0,10
3d21bcd304b04e46be94698e9342f126,bcf2d3aa646144348459b153a22a682e,2026-10-02T18:02:45.801+00:00,refresh,0.6,25
3df7db2a5e214bad90d9e7b147de6d36,6735f3c2acb240e298d840659422cbb2,2026-10-02T22:06:09.258+00:00,checkin_10,0.0,10
435e610d2e6b457585c120070fddcf21,ce855be4f7eb4ceda854570ce383c399,2026-10-02T18:35:24.613+00:00,checkin_25,0.0,25
470c30ea7acc45aa9858ee763f47d076,1cf78c4132644f6aa58d9325cb68525c,2026-10-02T18:55:26.662+00:00,checkin_10,0.0,10
474b0eeff80d425cb1ddf6968fe5e1e3,ff3282dce8c44ed8be6cad41a567500a,2026-10-02T18:26:21.330+00:00,dial,0.6,18
49ae39067bc847e992ba81b8c692a808,f69b65c6d1794feeadfc7360a8c8de3f,2026-10-02T17:52:51.347+00:00,dial,0.0,10
4c5f23d047b74308ab6f12e3f70055ca,ce855be4f7eb4ceda854570ce383c399,2026-10-02T18:34:02.667+00:00,checkin_10,0.0,10
51b924eb583e45038eb62bc0a281a8b5,4a22c1b783894d37892ac198b3da4d15,2026-10-02T17:38:36.562+00:00,voluntary,0.0,20
537c953b047648c2afa53800100745a7,6ea48b55840b496892c67af01e4347a1,2026-10-02T18:20:22.824+00:00,checkin_10,0.0,10
59dce0da84984d97897cd3dba58c6841,b90ee73ed4d845c6bb68a8c0d9199632,2026-10-02T17:48:56.064+00:00,checkin_25,0.0,25
5aa48ff0ca094e41b6826fa220cd58f6,6735f3c2acb240e298d840659422cbb2,2026-10-02T22:07:45.917+00:00,checkin_25,0.0,25
5afa3f11aa024413960042c479f38488,b90ee73ed4d845c6bb68a8c0d9199632,2026-10-02T17:54:44.969+00:00,voluntary,0.0,56
61c7541cca204f86beb460f5b1e7da4d,df7792644ff14b0880ad8387e859d4fa,2026-10-02T18:10:16.855+00:00,checkin_10,0.0,10
65bee4ba3f764fa2b2b0965e9d69043b,7831fce95aed4242b098cfb1a35bb51a,2026-10-02T18:11:13.981+00:00,checkin_25,0.0,25
756d50c0a31140cd9e36b6bbd47d858a,7acc0e1f078a494e9d84d427a352dac2,2026-10-02T18:16:43.048+00:00,voluntary,0.0,60
7cdc12fd270348c89b62d310970c1fb1,bfa3c236df5f4876852049d3812334b0,2026-10-02T19:00:04.084+00:00,checkin_10,0.0,10
7e90196545c0480497ef620160b4f7f6,b90ee73ed4d845c6bb68a8c0d9199632,2026-10-02T17:47:35.323+00:00,dial,0.0,10
8133afcf3c3e4a0c91330cd610f3e8e3,95b3c0d693e947ebbf64b183bb40a34b,2026-10-02T18:20:26.163+00:00,checkin_25,0.19999999999999998,25
8720a03c147b40298ffca842c9362ff5,6ea48b55840b496892c67af01e4347a1,2026-10-02T18:25:02.460+00:00,checkin_25,0.0,25
87580b489f784e81bcd0a4a46994f6e0,ff3282dce8c44ed8be6cad41a567500a,2026-10-02T18:16:30.758+00:00,dial,0.6,10
8d203d0964284a75b33b918eb04308f4,f69b65c6d1794feeadfc7360a8c8de3f,2026-10-02T17:52:29.589+00:00,checkin_10,0.0,10
8fb93e1501cf4efcbf9deae9a7735d06,9b83ed6d04254a9ab0de96c4bd0e387a,2026-10-02T18:14:14.479+00:00,checkin_10,0.0,10
90102a23a7224f9dbd9b4b21e515eb21,b90ee73ed4d845c6bb68a8c0d9199632,2026-10-02T17:51:09.634+00:00,voluntary,0.0,56
9a7aa23e05a54bb387f725a3f39abf75,9d10c755bd414c82918df074c1d6d8a9,2026-10-02T17:52:22.560+00:00,checkin_10,0.0,10
9c5b7025726d4d75bfcb5fb1e8853e8a,4a22c1b783894d37892ac198b3da4d15,2026-10-02T17:37:34.179+00:00,dial,0.6,10
9cb73688fc5a4ed0b9528fae4e6b633f,4a22c1b783894d37892ac198b3da4d15,2026-10-02T17:38:27.398+00:00,dial,0.0,20
9d52bc75127140d28965701bb0e72592,ff3282dce8c44ed8be6cad41a567500a,2026-10-02T18:26:20.569+00:00,dial,0.39999999999999997,18
abd4d939daec4d5b939ac48e85cc1ecc,ab5fb06b488c4221b0c2c21cfd782d1a,2026-10-02T21:26:07.815+00:00,checkin_10,0.0,10
b0a6949cc2ad4d5a80ede15bb05e8da9,4a22c1b783894d37892ac198b3da4d15,2026-10-02T17:37:24.029+00:00,checkin_10,0.0,10
b7f476a6e3604f84a51d332aa29c51ca,0eba23e249cf4bf09b55e38d8192c370,2026-10-02T22:18:32.177+00:00,checkin_25,0.0,25
c081f31e708c4addaff1b07bb29f7f97,4a22c1b783894d37892ac198b3da4d15,2026-10-02T17:38:16.104+00:00,refresh,0.6,20
c11dbefdddee440098d78c9a34deacf6,bcf2d3aa646144348459b153a22a682e,2026-10-02T18:01:29.806+00:00,dial,0.6,11
c6bbe3ca09664b82967804b2e7fe6ce2,bcf2d3aa646144348459b153a22a682e,2026-10-02T18:01:16.341+00:00,dial,0.0,10
c91c7c326f924edfaed88bc412b3d7bd,0b6c97152bd0478db021e058219afd8c,2026-10-02T17:52:26.405+00:00,checkin_10,0.0,10
cb1dfc41668044f495df3165f5de9189,ff3282dce8c44ed8be6cad41a567500a,2026-10-02T18:16:31.955+00:00,dial,0.0,10
cdfd90c0cbd941b9a284d98c49dfdcaf,b90ee73ed4d845c6bb68a8c0d9199632,2026-10-02T17:48:11.558+00:00,refresh,0.0,17
d75232f41d294e44bd40e5b61f714505,bcf2d3aa646144348459b153a22a682e,2026-10-02T18:00:18.878+00:00,checkin_10,0.0,10
db4886f0c8ec43e48ac34d642024db3b,bfa3c236df5f4876852049d3812334b0,2026-10-02T19:03:55.855+00:00,checkin_25,0.0,25
de81f17737a64d0689a0bbd91c8d2713,df7792644ff14b0880ad8387e859d4fa,2026-10-02T18:13:06.778+00:00,dial,0.0,25
dfaad025a36842cbb03058f5b67884d6,ff3282dce8c44ed8be6cad41a567500a,2026-10-02T18:16:26.810+00:00,checkin_10,0.0,10
f3ec13c6c050463db668aba2352f2f18,2598f7d0187440fba1f3ebed755c0ed9,2026-10-02T17:15:47.008+00:00,checkin_10,0.0,10
ff3c0457565e4970934adc81182dfd94,df7792644ff14b0880ad8387e859d4fa,2026-10-02T18:13:02.805+00:00,checkin_25,0.6,25
