feedback_id,list_id,user_id,movie_id,kind,rating,created_at
01ee1609de8440c4b1cec1c36b608c73,8720a03c147b40298ffca842c9362ff5,6ea48b55840b496892c67af01e4347a1,6377,timing_up,,2026-10-02T18:25:30.991+00:00
03764a6b8ba7413e9aafa5aa19577c62,25c9ddc24e964c7d9c44bc1014b558d7,7acc0e1f078a494e9d84d427a352dac2,192389,not_interested,,2026-10-02T18:11:53.774+00:00
040693c5330649b8897f05e49c9a4744,435e610d2e6b457585c120070fddcf21,ce855be4f7eb4ceda854570ce383c399,81564,rated,5.0,2026-10-02T18:36:03.642+00:00
0428e42acaeb4a6da91d95ceb5a2a4bb,cb1dfc41668044f495df3165f5de9189,ff3282dce8c44ed8be6cad41a567500a,53125,rated,4.0,2026-10-02T18:16:45.726+00:00
0518bd44faf948ff82bd6266864e55b7,8133afcf3c3e4a0c91330cd610f3e8e3,95b3c0d693e947ebbf64b183bb40a34b,8636,rated,5.0,2026-10-02T18:20:47.071+00:00
08ad1173b49e420caaf335ed4ed9050d,f3ec13c6c050463db668aba2352f2f18,2598f7d0187440fba1f3ebed755c0ed9,58559,timing_up,,2026-10-02T17:15:59.647+00:00
0bbf0d960ff74df4a247d57b53b3f067,f3ec13c6c050463db668aba2352f2f18,2598f7d0187440fba1f3ebed755c0ed9,79132,timing_up,,2026-10-02T17:16:06.990+00:00
0bd2c7a823f64050bfb746f24ceb9554,435e610d2e6b457585c120070fddcf21,ce855be4f7eb4ceda854570ce383c399,1197,rated,5.0,2026-10-02T18:36:07.579+00:00
0bdff375128e468abaa591e3be0b5254,10772c84c896499a9d8a1e54912cba87,794942c44df841e48d157367b5e3be27,648,rated,5.0,2026-10-02T22:15:52.322+00:00
0f5941a0a43d454295c03d1e16155344,20e46392686140a884c0018a2defba4f,aae9cb114f654b74a724cf553426a4b7,4896,rated,5.0,2026-10-02T18:51:02.652+00:00
1268b04977b946f6a78ac632155a92d4,25c9ddc24e964c7d9c44bc1014b558d7,7acc0e1f078a494e9d84d427a352dac2,184471,not_interested,,2026-10-02T18:11:21.668+00:00
1be8e2bf92c7488c9c9d073134a71f07,f3ec13c6c050463db668aba2352f2f18,2598f7d0187440fba1f3ebed755c0ed9,48516,interested,,2026-10-02T17:16:15.830+00:00
1e1a745aa7c149ef8ea9c9a494b48328,61c7541cca204f86beb460f5b1e7da4d,df7792644ff14b0880ad8387e859d4fa,33493,rated,5.0,2026-10-02T18:10:41.384+00:00
1ed89021cdfd43959ea1ccbd791805a8,9c5b7025726d4d75bfcb5fb1e8853e8a,4a22c1b783894d37892ac198b3da4d15,168418,rated,4.0,2026-10-02T17:38:04.884+00:00
1f7cb91c01a0434da516ddde06f4dd18,0d771863b3c84f7bb069c704df455b8e,9d10c755bd414c82918df074c1d6d8a9,3623,not_interested,,2026-10-02T17:53:05.490+00:00
22d0b82dc68746d0abdb685c6af883aa,8133afcf3c3e4a0c91330cd610f3e8e3,95b3c0d693e947ebbf64b183bb40a34b,4886,rated,5.0,2026-10-02T18:20:53.025+00:00
23b656e3c40c40cab93b63d38a77da99,cb1dfc41668044f495df3165f5de9189,ff3282dce8c44ed8be6cad41a567500a,6378,rated,5.0,2026-10-02T18:16:38.631+00:00
24308433bd8e46d3b40218ffb28e1910,cb1dfc41668044f495df3165f5de9189,ff3282dce8c44ed8be6cad41a567500a,8984,rated,3.0,2026-10-02T18:17:01.764+00:00
26e4293c29b2417c8d753abd1572b859,59dce0da84984d97897cd3dba58c6841,b90ee73ed4d845c6bb68a8c0d9199632,1210,rated,2.0,2026-10-02T17:49:20.052+00:00
2735ee7875bd4ff285c1087fea42cb90,cdfd90c0cbd941b9a284d98c49dfdcaf,b90ee73ed4d845c6bb68a8c0d9199632,1198,rated,4.0,2026-10-02T17:48:27.525+00:00
27cc9a0bf95644fa84b11c4ab5da5421,f3ec13c6c050463db668aba2352f2f18,2598f7d0187440fba1f3ebed755c0ed9,79132,rated,4.0,2026-10-02T17:16:05.310+00:00
27d16c97f60942a397fb141170a97628,20e46392686140a884c0018a2defba4f,aae9cb114f654b74a724cf553426a4b7,3793,not_interested,,2026-10-02T18:50:35.613+00:00
2844bd08fa8c4a169f00f7106c9fa658,c11dbefdddee440098d78c9a34deacf6,bcf2d3aa646144348459b153a22a682e,61160,interested,,2026-10-02T18:01:50.663+00:00
2c0fedde3eb54cc88487b21c6aaa51ff,49ae39067bc847e992ba81b8c692a808,f69b65c6d1794feeadfc7360a8c8de3f,1580,rated,4.0,2026-10-02T17:53:43.446+00:00
2d36d49002294b4ab4216905e3a28b62,4c5f23d047b74308ab6f12e3f70055ca,ce855be4f7eb4ceda854570ce383c399,1653,rated,4.0,2026-10-02T18:34:34.852+00:00
2e56c9f965904ba9b93b9364167ef95c,20e46392686140a884c0018a2defba4f,aae9cb114f654b74a724cf553426a4b7,8636,interested,,2026-10-02T18:50:57.859+00:00
2ec4ed915a5b4496b05701b377e4ccd1,7e90196545c0480497ef620160b4f7f6,b90ee73ed4d845c6bb68a8c0d9199632,79132,rated,5.0,2026-10-02T17:47:53.792+00:00
2ffe20c7e4a3459db1622fd8c27c28ab,8fb93e1501cf4efcbf9deae9a7735d06,9b83ed6d04254a9ab0de96c4bd0e387a,1380,rated,5.0,2026-10-02T18:17:48.041+00:00
3040f349836b4985b1c1cc4e0749ce9c,435e610d2e6b457585c120070fddcf21,ce855be4f7eb4ceda854570ce383c399,1196,rated,4.0,2026-10-02T18:36:00.254+00:00
310ad7e855b84ab88c00ef10cc0221f3,10772c84c896499a9d8a1e54912cba87,794942c44df841e48d157367b5e3be27,1101,rated,4.0,2026-10-02T22:15:49.331+00:00
31a92f8f54924df6962fd5d4524ba8db,10772c84c896499a9d8a1e54912cba87,794942c44df841e48d157367b5e3be27,260,rated,5.0,2026-10-02T22:15:44.571+00:00
33075e75f5ba4000875365f3911aaeed,8720a03c147b40298ffca842c9362ff5,6ea48b55840b496892c67af01e4347a1,1213,timing_up,,2026-10-02T18:25:28.071+00:00
33b0b4584a6341c28c47b048b943f030,49ae39067bc847e992ba81b8c692a808,f69b65c6d1794feeadfc7360a8c8de3f,356,rated,4.0,2026-10-02T17:53:59.689+00:00
34a3d7dc1c2148a389433d973e0ddcc3,49ae39067bc847e992ba81b8c692a808,f69b65c6d1794feeadfc7360a8c8de3f,1544,rated,5.0,2026-10-02T17:53:47.732+00:00
34f6fc6eeede4bd79aa0ac5740a0da53,49ae39067bc847e992ba81b8c692a808,f69b65c6d1794feeadfc7360a8c8de3f,736,interested,,2026-10-02T17:54:14.351+00:00
3506e3ebea2e4e44aebf576358ae75f2,9c5b7025726d4d75bfcb5fb1e8853e8a,4a22c1b783894d37892ac198b3da4d15,172547,rated,5.0,2026-10-02T17:37:50.058+00:00
361d426337104345a4271328edc631f5,2f727663e7ed4989b3e3f71bb28a2045,7acc0e1f078a494e9d84d427a352dac2,2054,rated,2.0,2026-10-02T18:13:18.033+00:00
38ae4f7ba16a450c9935e076b8c0dbea,cb1dfc41668044f495df3165f5de9189,ff3282dce8c44ed8be6cad41a567500a,3793,rated,4.0,2026-10-02T18:17:14.402+00:00
39961e27879d4d068495621443b6fb3d,0d771863b3c84f7bb069c704df455b8e,9d10c755bd414c82918df074c1d6d8a9,3793,rated,4.0,2026-10-02T17:52:51.769+00:00
39ec928c2c4741349cc03260aa701c10,de81f17737a64d0689a0bbd91c8d2713,df7792644ff14b0880ad8387e859d4fa,6539,rated,5.0,2026-10-02T18:13:12.418+00:00
3af3683bd9f84df09799a70daee0d56b,2795f8d0f1f74bf3a65de21601b9209d,df7792644ff14b0880ad8387e859d4fa,45722,rated,5.0,2026-10-02T18:10:58.973+00:00
3c6596240035462487507cbb6aef8be2,59dce0da84984d97897cd3dba58c6841,b90ee73ed4d845c6bb68a8c0d9199632,98809,rated,3.0,2026-10-02T17:49:29.376+00:00
3de88720f0d840cc8c392b1c6e75e94e,4c5f23d047b74308ab6f12e3f70055ca,ce855be4f7eb4ceda854570ce383c399,2716,rated,3.0,2026-10-02T18:34:22.941+00:00
3f27f3227e6d4a379e4506635714ca6c,537c953b047648c2afa53800100745a7,6ea48b55840b496892c67af01e4347a1,1221,timing_up,,2026-10-02T18:22:19.920+00:00
427e4aafa93142afb54a51ba843bb4c8,8133afcf3c3e4a0c91330cd610f3e8e3,95b3c0d693e947ebbf64b183bb40a34b,6377,rated,5.0,2026-10-02T18:21:04.037+00:00
4295b8d5483e4182b8469dbaa2bd3c7b,20e46392686140a884c0018a2defba4f,aae9cb114f654b74a724cf553426a4b7,3578,interested,,2026-10-02T18:50:41.559+00:00
4344baf9f6c74ed392cfdd2e2b71de79,0d771863b3c84f7bb069c704df455b8e,9d10c755bd414c82918df074c1d6d8a9,5349,rated,5.0,2026-10-02T17:52:53.835+00:00
43d2cf882c0b4ae1ba8ac7d2fa010f11,7e90196545c0480497ef620160b4f7f6,b90ee73ed4d845c6bb68a8c0d9199632,2571,rated,4.0,2026-10-02T17:48:09.682+00:00
4740ad9005a04539b8baa19fa9d459ff,f3ec13c6c050463db668aba2352f2f18,2598f7d0187440fba1f3ebed755c0ed9,8961,rated,5.0,2026-10-02T17:16:12.705+00:00
48e4c3d0b5ec4b43b97dee202bec5e69,2f727663e7ed4989b3e3f71bb28a2045,7acc0e1f078a494e9d84d427a352dac2,3247,not_interested,,2026-10-02T18:12:43.989+00:00
4b8f739de5f24f1ea4fee9130d4d2620,cdfd90c0cbd941b9a284d98c49dfdcaf,b90ee73ed4d845c6bb68a8c0d9199632,260,rated,4.0,2026-10-02T17:48:24.824+00:00
4bbd9bfb9d154449a160c1de8ac0475e,8fb93e1501cf4efcbf9deae9a7735d06,9b83ed6d04254a9ab0de96c4bd0e387a,539,rated,5.0,2026-10-02T18:17:19.074+00:00
4c8ecfacfde7419180a3fbb56e751368,4c5f23d047b74308ab6f12e3f70055ca,ce855be4f7eb4ceda854570ce383c399,2012,rated,3.0,2026-10-02T18:34:20.294+00:00
4fe11dd5d46344d08545666c8dfb32f6,4c5f23d047b74308ab6f12e3f70055ca,ce855be4f7eb4ceda854570ce383c399,1,rated,4.0,2026-10-02T18:34:17.763+00:00
527b7ad4ed6c45b6b1993da2c85139ee,9c5b7025726d4d75bfcb5fb1e8853e8a,4a22c1b783894d37892ac198b3da4d15,86298,rated,5.0,2026-10-02T17:38:07.653+00:00
52e0c30629a54154bcaff6d37a549217,0d771863b3c84f7bb069c704df455b8e,9d10c755bd414c82918df074c1d6d8a9,6539,rated,5.0,2026-10-02T17:52:46.116+00:00
584aa1abb475453f923496c44b377c6c,f3ec13c6c050463db668aba2352f2f18,2598f7d0187440fba1f3ebed755c0ed9,6874,rated,4.0,2026-10-02T17:16:25.927+00:00
58b1c26550a0436c9164e6258cf44f0a,8133afcf3c3e4a0c91330cd610f3e8e3,95b3c0d693e947ebbf64b183bb40a34b,8961,rated,5.0,2026-10-02T18:21:10.818+00:00
5e29f2532cb843a59bfa8acc48811f4f,8720a03c147b40298ffca842c9362ff5,6ea48b55840b496892c67af01e4347a1,1221,timing_up,,2026-10-02T18:26:24.934+00:00
61a05233f9e74f1e8cb01e37f2463f2b,8fb93e1501cf4efcbf9deae9a7735d06,9b83ed6d04254a9ab0de96c4bd0e387a,587,rated,5.0,2026-10-02T18:18:05.019+00:00
64c6ac9459b0452dbc884d78400933bc,f3ec13c6c050463db668aba2352f2f18,2598f7d0187440fba1f3ebed755c0ed9,5349,timing_up,,2026-10-02T17:16:03.095+00:00
68180b2db7324b6987be09bfef163a30,2f727663e7ed4989b3e3f71bb28a2045,7acc0e1f078a494e9d84d427a352dac2,2082,not_interested,,2026-10-02T18:13:29.391+00:00
6832bec6c70442079cb1f0dfbcb314d5,8133afcf3c3e4a0c91330cd610f3e8e3,95b3c0d693e947ebbf64b183bb40a34b,6365,rated,4.0,2026-10-02T18:21:07.756+00:00
68ad3e8c356144a2a1ad66299dc37345,20e46392686140a884c0018a2defba4f,aae9cb114f654b74a724cf553426a4b7,5418,interested,,2026-10-02T18:50:42.932+00:00
6c5294d42a4644f7847d7044e12ecadb,49ae39067bc847e992ba81b8c692a808,f69b65c6d1794feeadfc7360a8c8de3f,780,interested,,2026-10-02T17:53:35.848+00:00
6c60599db11343b0ad72a7214e28e3ff,20e46392686140a884c0018a2defba4f,aae9cb114f654b74a724cf553426a4b7,45722,interested,,2026-10-02T18:50:50.821+00:00
6cf5bcb4575747c2bcaf7f0ed37b9daf,7e90196545c0480497ef620160b4f7f6,b90ee73ed4d845c6bb68a8c0d9199632,5952,rated,5.0,2026-10-02T17:47:48.439+00:00
6e229ec1856449babeefde9a0fa538b5,49ae39067bc847e992ba81b8c692a808,f69b65c6d1794feeadfc7360a8c8de3f,242894,rated,3.0,2026-10-02T17:54:12.152+00:00
712b7e19ddc74f85bb5fcb506fd6d148,25c9ddc24e964c7d9c44bc1014b558d7,7acc0e1f078a494e9d84d427a352dac2,286569,not_interested,,2026-10-02T18:11:16.820+00:00
71ac805eac3c47f0b0086a1129130bbd,9c5b7025726d4d75bfcb5fb1e8853e8a,4a22c1b783894d37892ac198b3da4d15,160569,not_interested,,2026-10-02T17:38:02.310+00:00
74927803dcf84e55bc3c3ed1cc67f569,61c7541cca204f86beb460f5b1e7da4d,df7792644ff14b0880ad8387e859d4fa,4896,rated,5.0,2026-10-02T18:10:37.616+00:00
74fe3f1ab21c40acb079582a68a625e5,f3ec13c6c050463db668aba2352f2f18,2598f7d0187440fba1f3ebed755c0ed9,6874,timing_up,,2026-10-02T17:16:24.910+00:00
761c1b42806e4f7ca8218a3563bcf1ba,10772c84c896499a9d8a1e54912cba87,794942c44df841e48d157367b5e3be27,33493,rated,5.0,2026-10-02T22:15:33.744+00:00
76918dc0df424a8197a82f7aceec7f0d,2f727663e7ed4989b3e3f71bb28a2045,7acc0e1f078a494e9d84d427a352dac2,7004,rated,3.0,2026-10-02T18:13:24.305+00:00
7a67e1e26cf545a08abb785c3e22528e,10772c84c896499a9d8a1e54912cba87,794942c44df841e48d157367b5e3be27,733,rated,5.0,2026-10-02T22:15:42.567+00:00
7b75d740cda846b889f6968c792b1c90,8fb93e1501cf4efcbf9deae9a7735d06,9b83ed6d04254a9ab0de96c4bd0e387a,1101,rated,5.0,2026-10-02T18:17:08.421+00:00
7c37954b9d104d1f841b45ac7cfa6903,2f727663e7ed4989b3e3f71bb28a2045,7acc0e1f078a494e9d84d427a352dac2,158,not_interested,,2026-10-02T18:13:35.975+00:00
7faafdfef72047269edcbde88f201f0b,f3ec13c6c050463db668aba2352f2f18,2598f7d0187440fba1f3ebed755c0ed9,6539,timing_up,,2026-10-02T17:15:52.139+00:00
8026dc979eb7449dbc0ced927b366cbb,61c7541cca204f86beb460f5b1e7da4d,df7792644ff14b0880ad8387e859d4fa,1210,rated,4.0,2026-10-02T18:10:29.551+00:00
8368eb6bd04642bfbb72ef8cb26cf12f,4c5f23d047b74308ab6f12e3f70055ca,ce855be4f7eb4ceda854570ce383c399,2011,rated,4.0,2026-10-02T18:34:12.693+00:00
836e43e348084c77b49faff56a42bca1,59dce0da84984d97897cd3dba58c6841,b90ee73ed4d845c6bb68a8c0d9199632,2028,interested,,2026-10-02T17:49:26.539+00:00
83766a8bcdae4b4ba1fe2bff353c5ffb,20e46392686140a884c0018a2defba4f,aae9cb114f654b74a724cf553426a4b7,5952,interested,,2026-10-02T18:50:52.829+00:00
8403fec0f5d1452ea42df7c9f0456bcf,2f727663e7ed4989b3e3f71bb28a2045,7acc0e1f078a494e9d84d427a352dac2,1707,rated,4.0,2026-10-02T18:12:40.684+00:00
8adab5d103a2442b8463165acdb5c750,8720a03c147b40298ffca842c9362ff5,6ea48b55840b496892c67af01e4347a1,7153,timing_up,,2026-10-02T18:25:36.933+00:00
8c960a32e76b4ff688f895bb00238299,f3ec13c6c050463db668aba2352f2f18,2598f7d0187440fba1f3ebed755c0ed9,48780,timing_up,,2026-10-02T17:16:18.945+00:00
8d5a6ffbf16b49f9a1ae3a0306ae1425,9c5b7025726d4d75bfcb5fb1e8853e8a,4a22c1b783894d37892ac198b3da4d15,103755,rated,5.0,2026-10-02T17:37:45.116+00:00
8ef49bb391f14cd78aca254c06052ae7,c11dbefdddee440098d78c9a34deacf6,bcf2d3aa646144348459b153a22a682e,286897,rated,5.0,2026-10-02T18:01:40.186+00:00
8fbcfd171628413f9b4b387e6b45aec5,0d771863b3c84f7bb069c704df455b8e,9d10c755bd414c82918df074c1d6d8a9,33493,rated,5.0,2026-10-02T17:52:43.357+00:00
917021beafd248d1bea169fadbaa4b17,2795f8d0f1f74bf3a65de21601b9209d,df7792644ff14b0880ad8387e859d4fa,8368,rated,5.0,2026-10-02T18:11:02.633+00:00
937af2bfdff24bdebe95cb2372326ab4,7e90196545c0480497ef620160b4f7f6,b90ee73ed4d845c6bb68a8c0d9199632,4993,rated,5.0,2026-10-02T17:47:51.106+00:00
9467e88413ea49b5bb3e080ef666eed3,f3ec13c6c050463db668aba2352f2f18,2598f7d0187440fba1f3ebed755c0ed9,6539,rated,5.0,2026-10-02T17:15:54.576+00:00
94b28157fc664406a8fd263686ce6746,8133afcf3c3e4a0c91330cd610f3e8e3,95b3c0d693e947ebbf64b183bb40a34b,4963,rated,5.0,2026-10-02T18:21:14.309+00:00
950ba55b37bd4a81a90c3f3342d00e25,f3ec13c6c050463db668aba2352f2f18,2598f7d0187440fba1f3ebed755c0ed9,58559,rated,4.0,2026-10-02T17:15:58.866+00:00
95eed89be61d4c1595f144ec27958fe1,49ae39067bc847e992ba81b8c692a808,f69b65c6d1794feeadfc7360a8c8de3f,364,rated,5.0,2026-10-02T17:54:08.069+00:00
98f2c343a3f84a75b330bf49b33c97d3,10772c84c896499a9d8a1e54912cba87,794942c44df841e48d157367b5e3be27,1210,rated,5.0,2026-10-02T22:15:36.552+00:00
997b3b45f34b41878c644f7e0d6d3e09,8133afcf3c3e4a0c91330cd610f3e8e3,95b3c0d693e947ebbf64b183bb40a34b,40815,rated,5.0,2026-10-02T18:20:43.918+00:00
9981c710b19a4dcd9e460f22ee321106,8720a03c147b40298ffca842c9362ff5,6ea48b55840b496892c67af01e4347a1,4896,timing_up,,2026-10-02T18:25:49.501+00:00
99902a660f604980881b7bb85ca1d2dc,435e610d2e6b457585c120070fddcf21,ce855be4f7eb4ceda854570ce383c399,1036,rated,4.0,2026-10-02T18:35:35.928+00:00
9b0c70cbb1a94b9180b9c66785ce7ba5,49ae39067bc847e992ba81b8c692a808,f69b65c6d1794feeadfc7360a8c8de3f,1210,interested,,2026-10-02T17:54:17.514+00:00
9bbbea81900844cb8a9fac306465ec16,9c5b7025726d4d75bfcb5fb1e8853e8a,4a22c1b783894d37892ac198b3da4d15,112460,interested,,2026-10-02T17:37:58.419+00:00
9d2bb44737224f71a160a0d57f2df09d,8720a03c147b40298ffca842c9362ff5,6ea48b55840b496892c67af01e4347a1,5952,timing_up,,2026-10-02T18:25:46.056+00:00
9daeb57680ed435e81611b2bbc61bfb0,8fb93e1501cf4efcbf9deae9a7735d06,9b83ed6d04254a9ab0de96c4bd0e387a,2424,rated,5.0,2026-10-02T18:17:57.035+00:00
9ebb0afcd99a4c1d85cfbef5d2019098,8720a03c147b40298ffca842c9362ff5,6ea48b55840b496892c67af01e4347a1,5816,timing_up,,2026-10-02T18:25:43.439+00:00
a072ff2cd64348ecaa45d7f5e1ac808a,8133afcf3c3e4a0c91330cd610f3e8e3,95b3c0d693e947ebbf64b183bb40a34b,1210,rated,5.0,2026-10-02T18:20:49.863+00:00
a1455f15159942fab2791d8a77383698,25c9ddc24e964c7d9c44bc1014b558d7,7acc0e1f078a494e9d84d427a352dac2,210569,not_interested,,2026-10-02T18:11:19.342+00:00
a18a6d9d2837489ca22acba8c964782e,2795f8d0f1f74bf3a65de21601b9209d,df7792644ff14b0880ad8387e859d4fa,5816,rated,5.0,2026-10-02T18:11:08.749+00:00
a26d513759334265bcf72f73c20dc909,0d771863b3c84f7bb069c704df455b8e,9d10c755bd414c82918df074c1d6d8a9,8360,rated,5.0,2026-10-02T17:52:49.278+00:00
a63c42ae63de4c59958bfef8fccbfdc1,f3ec13c6c050463db668aba2352f2f18,2598f7d0187440fba1f3ebed755c0ed9,5349,rated,4.0,2026-10-02T17:16:02.212+00:00
a6a15bf0528940ada755866741d196fe,cb1dfc41668044f495df3165f5de9189,ff3282dce8c44ed8be6cad41a567500a,8644,rated,4.0,2026-10-02T18:16:52.877+00:00
a9438f5eb6dc4f4bb43a131c21026446,8720a03c147b40298ffca842c9362ff5,6ea48b55840b496892c67af01e4347a1,4886,timing_up,,2026-10-02T18:25:39.639+00:00
aa1b1b2109ba498eadda5fea830f3165,2f727663e7ed4989b3e3f71bb28a2045,7acc0e1f078a494e9d84d427a352dac2,374,not_interested,,2026-10-02T18:12:50.161+00:00
ab854d0c3b1d4d33833eec8da3f7f11f,7e90196545c0480497ef620160b4f7f6,b90ee73ed4d845c6bb68a8c0d9199632,3578,rated,5.0,2026-10-02T17:48:02.728+00:00
aba7169efe074769b4e2355a6920a79a,c11dbefdddee440098d78c9a34deacf6,bcf2d3aa646144348459b153a22a682e,113348,interested,,2026-10-02T18:01:44.709+00:00
ad9e54548583453ba37fe3cc8b89f25a,10772c84c896499a9d8a1e54912cba87,794942c44df841e48d157367b5e3be27,1544,rated,4.0,2026-10-02T22:15:56.708+00:00
ae190c3aa223466498d202926e58875a,7e90196545c0480497ef620160b4f7f6,b90ee73ed4d845c6bb68a8c0d9199632,33794,rated,4.0,2026-10-02T17:47:55.675+00:00
b0fd4e49f9ec424a9eef02ae56955b9f,20e46392686140a884c0018a2defba4f,aae9cb114f654b74a724cf553426a4b7,33794,interested,,2026-10-02T18:50:54.553+00:00
b254a9ffd86649c09bd004b94a549d0f,0d771863b3c84f7bb069c704df455b8e,9d10c755bd414c82918df074c1d6d8a9,4896,rated,4.0,2026-10-02T17:52:57.990+00:00
b3a8b4189a884110a7d4de2ca66fccc2,2795f8d0f1f74bf3a65de21601b9209d,df7792644ff14b0880ad8387e859d4fa,40815,rated,5.0,2026-10-02T18:11:06.155+00:00
b70e472a37674b2fb2636c76ee9a3c3f,65bee4ba3f764fa2b2b0965e9d69043b,7831fce95aed4242b098cfb1a35bb51a,4482,rated,3.0,2026-10-02T18:11:28.086+00:00
b71896db00a94107986aea233852e705,c11dbefdddee440098d78c9a34deacf6,bcf2d3aa646144348459b153a22a682e,92938,interested,,2026-10-02T18:01:37.506+00:00
ba1a52a50b334ca49a23e983fd93e55d,2f727663e7ed4989b3e3f71bb28a2045,7acc0e1f078a494e9d84d427a352dac2,455,rated,3.0,2026-10-02T18:13:14.132+00:00
ba380f53e904472baf59b1d0ca624dd7,49ae39067bc847e992ba81b8c692a808,f69b65c6d1794feeadfc7360a8c8de3f,377,interested,,2026-10-02T17:53:54.320+00:00
ba9b9e0aa71c46da935ea5b01a51ffdb,cb1dfc41668044f495df3165f5de9189,ff3282dce8c44ed8be6cad41a567500a,45447,rated,4.0,2026-10-02T18:16:41.883+00:00
baa5762cee8746ffa02c4d9c1c76ec5e,10772c84c896499a9d8a1e54912cba87,794942c44df841e48d157367b5e3be27,3623,rated,4.0,2026-10-02T22:16:00.290+00:00
c10d967af6074b0d8b05a80735d8a37e,4c5f23d047b74308ab6f12e3f70055ca,ce855be4f7eb4ceda854570ce383c399,1265,rated,5.0,2026-10-02T18:34:15.283+00:00
c43fe2396e4b43b4a351c9aba9c2992c,435e610d2e6b457585c120070fddcf21,ce855be4f7eb4ceda854570ce383c399,134853,rated,4.0,2026-10-02T18:35:55.767+00:00
c81aaa0ca4dc4c209d681152cb1531cc,10772c84c896499a9d8a1e54912cba87,794942c44df841e48d157367b5e3be27,2115,rated,5.0,2026-10-02T22:15:47.177+00:00
c87b8dffa7fb4daca9920a54ea566e7c,20e46392686140a884c0018a2defba4f,aae9cb114f654b74a724cf553426a4b7,7153,interested,,2026-10-02T18:50:56.342+00:00
c9591837884b481c912bcd0e6981b410,c6bbe3ca09664b82967804b2e7fe6ce2,bcf2d3aa646144348459b153a22a682e,33493,rated,5.0,2026-10-02T18:01:28.210+00:00
ccd70993689d4a4e8bb40b3dfac71142,f3ec13c6c050463db668aba2352f2f18,2598f7d0187440fba1f3ebed755c0ed9,8961,timing_up,,2026-10-02T17:16:13.517+00:00
d098d0e719734a6cb776ee9a2c5d0282,f3ec13c6c050463db668aba2352f2f18,2598f7d0187440fba1f3ebed755c0ed9,48780,interested,,2026-10-02T17:16:17.628+00:00
d16ac25b3b9c46e5826e351f3560280f,8fb93e1501cf4efcbf9deae9a7735d06,9b83ed6d04254a9ab0de96c4bd0e387a,3578,not_interested,,2026-10-02T18:18:00.728+00:00
d1df3ba0022848458e4b51d48e9c9c7d,8720a03c147b40298ffca842c9362ff5,6ea48b55840b496892c67af01e4347a1,4993,timing_down,,2026-10-02T18:25:24.904+00:00
d3815dfc57ef4b5581b1f322fdf2de01,9c5b7025726d4d75bfcb5fb1e8853e8a,4a22c1b783894d37892ac198b3da4d15,120474,not_interested,,2026-10-02T17:37:51.488+00:00
d4c0f5ba17574420a21e553f0ab5d22d,8fb93e1501cf4efcbf9deae9a7735d06,9b83ed6d04254a9ab0de96c4bd0e387a,1210,rated,5.0,2026-10-02T18:17:52.262+00:00
d5106dd8a2d2428896afee5d84db8f76,cb1dfc41668044f495df3165f5de9189,ff3282dce8c44ed8be6cad41a567500a,8361,rated,3.0,2026-10-02T18:16:50.756+00:00
d64e0fae5c7c4965a82a2fb8f44afc51,49ae39067bc847e992ba81b8c692a808,f69b65c6d1794feeadfc7360a8c8de3f,3578,interested,,2026-10-02T17:54:05.576+00:00
dd8976a57ecc4407a915fcb45f3aaab2,2f727663e7ed4989b3e3f71bb28a2045,7acc0e1f078a494e9d84d427a352dac2,2420,rated,3.0,2026-10-02T18:13:34.149+00:00
ddbd47ebf900432c9d7ebfc05b21dd82,7e90196545c0480497ef620160b4f7f6,b90ee73ed4d845c6bb68a8c0d9199632,91529,rated,4.0,2026-10-02T17:48:06.616+00:00
df8fa633c8a54a6c9493cb4a322719d6,9c5b7025726d4d75bfcb5fb1e8853e8a,4a22c1b783894d37892ac198b3da4d15,95105,not_interested,,2026-10-02T17:38:00.482+00:00
e08e93efb86c4fea8a6805604eb7ab75,9c5b7025726d4d75bfcb5fb1e8853e8a,4a22c1b783894d37892ac198b3da4d15,110655,interested,,2026-10-02T17:37:55.677+00:00
e10579faff434b1e80bd79b9989457ed,8720a03c147b40298ffca842c9362ff5,6ea48b55840b496892c67af01e4347a1,8360,timing_up,,2026-10-02T18:25:55.282+00:00
e27b205c59ae4eda9d5512aeb5fd18ce,59dce0da84984d97897cd3dba58c6841,b90ee73ed4d845c6bb68a8c0d9199632,44191,interested,,2026-10-02T17:49:09.821+00:00
e2f05dfcdb2b4c0cbf21f6a0bb05207e,8133afcf3c3e4a0c91330cd610f3e8e3,95b3c0d693e947ebbf64b183bb40a34b,1196,rated,5.0,2026-10-02T18:20:59.881+00:00
e4885b1cee1e4f46bfcf1016edc32078,2f727663e7ed4989b3e3f71bb28a2045,7acc0e1f078a494e9d84d427a352dac2,355,not_interested,,2026-10-02T18:13:31.072+00:00
e6e0c4f244f849c5a22477df85093dde,8133afcf3c3e4a0c91330cd610f3e8e3,95b3c0d693e947ebbf64b183bb40a34b,54001,rated,5.0,2026-10-02T18:20:56.310+00:00
e7e949cd7ef447ca94e3ada0004a79e9,25c9ddc24e964c7d9c44bc1014b558d7,7acc0e1f078a494e9d84d427a352dac2,201586,not_interested,,2026-10-02T18:11:51.547+00:00
eb26ffb007b340b886a8331061bc65e0,20e46392686140a884c0018a2defba4f,aae9cb114f654b74a724cf553426a4b7,8644,not_interested,,2026-10-02T18:50:38.108+00:00
ec08b80546cd48d5a4286a7309c4efcb,25c9ddc24e964c7d9c44bc1014b558d7,7acc0e1f078a494e9d84d427a352dac2,122906,rated,4.0,2026-10-02T18:11:26.347+00:00
edcadfe7cd85469faa1960f1fce5a30b,f3ec13c6c050463db668aba2352f2f18,2598f7d0187440fba1f3ebed755c0ed9,8360,rated,2.0,2026-10-02T17:16:09.189+00:00
ee4781b6e5a34d3188d2e27c6130cf17,f3ec13c6c050463db668aba2352f2f18,2598f7d0187440fba1f3ebed755c0ed9,106782,timing_up,,2026-10-02T17:16:22.499+00:00
f0448c4ac6bb48d89ab4aa8c9624a937,25c9ddc24e964c7d9c44bc1014b558d7,7acc0e1f078a494e9d84d427a352dac2,287823,rated,4.0,2026-10-02T18:11:10.779+00:00
f0614669bb22459e87c9ee5fc39defe3,8fb93e1501cf4efcbf9deae9a7735d06,9b83ed6d04254a9ab0de96c4bd0e387a,33493,rated,5.0,2026-10-02T18:17:00.219+00:00
f17b8d0e3c6f41eba94401db03304af4,25c9ddc24e964c7d9c44bc1014b558d7,7acc0e1f078a494e9d84d427a352dac2,187031,not_interested,,2026-10-02T18:11:47.945+00:00
f26d52db020649b98a8116b576b384a8,8fb93e1501cf4efcbf9deae9a7735d06,9b83ed6d04254a9ab0de96c4bd0e387a,597,rated,5.0,2026-10-02T18:17:03.989+00:00
f3a2b413935e43479241f6a4a66ec504,0d771863b3c84f7bb069c704df455b8e,9d10c755bd414c82918df074c1d6d8a9,1210,rated,5.0,2026-10-02T17:53:01.320+00:00
f442b4159c334ec989f551bb6ff002f7,cdfd90c0cbd941b9a284d98c49dfdcaf,b90ee73ed4d845c6bb68a8c0d9199632,6539,rated,3.0,2026-10-02T17:48:20.171+00:00
f44b7034358445f18fa75f3f203b9187,8fb93e1501cf4efcbf9deae9a7735d06,9b83ed6d04254a9ab0de96c4bd0e387a,260,rated,5.0,2026-10-02T18:18:09.331+00:00
f4abd46ca5804d40a63a808c6bab35ee,59dce0da84984d97897cd3dba58c6841,b90ee73ed4d845c6bb68a8c0d9199632,1196,rated,4.0,2026-10-02T17:49:15.614+00:00
f5755bf196f54fdfa397676754135a6a,f3ec13c6c050463db668aba2352f2f18,2598f7d0187440fba1f3ebed755c0ed9,106782,rated,4.0,2026-10-02T17:16:21.648+00:00
f5a7d89fa810453fbe5266f7e7b1b012,9c5b7025726d4d75bfcb5fb1e8853e8a,4a22c1b783894d37892ac198b3da4d15,104245,rated,5.0,2026-10-02T17:37:42.281+00:00
f5b16711be4f4d268b36dcabfb8ef55a,4c5f23d047b74308ab6f12e3f70055ca,ce855be4f7eb4ceda854570ce383c399,97913,rated,4.0,2026-10-02T18:34:27.974+00:00
fa5093d5aa0342a59d7acc99f212e0c1,cb1dfc41668044f495df3165f5de9189,ff3282dce8c44ed8be6cad41a567500a,45722,rated,5.0,2026-10-02T18:16:55.147+00:00
fb0c94b345284dab80144b99cb54ff66,4c5f23d047b74308ab6f12e3f70055ca,ce855be4f7eb4ceda854570ce383c399,1198,rated,4.0,2026-10-02T18:34:25.159+00:00
fc43f55842b64fcda2affd41bdc96705,25c9ddc24e964c7d9c44bc1014b558d7,7acc0e1f078a494e9d84d427a352dac2,122910,not_interested,,2026-10-02T18:11:57.055+00:00
fc86b764b6f34a83b4f69e631486e621,10772c84c896499a9d8a1e54912cba87,794942c44df841e48d157367b5e3be27,1580,rated,5.0,2026-10-02T22:15:39.742+00:00
fc8d35fcb4bd4fc48aef76d1a8fa9267,61c7541cca204f86beb460f5b1e7da4d,df7792644ff14b0880ad8387e859d4fa,59615,rated,5.0,2026-10-02T18:10:33.337+00:00
