user_id,card_strategy,created_at
0b6c97152bd0478db021e058219afd8c,adaptive,2026-10-02T17:51:05.455+00:00
0eba23e249cf4bf09b55e38d8192c370,adaptive,2026-10-02T22:16:16.780+00:00
1917814bf6464093b8db6c939d2b215c,pop_entropy,2026-10-02T18:55:10.797+00:00
1cf78c4132644f6aa58d9325cb68525c,pop_entropy,2026-10-02T18:52:32.961+00:00
2598f7d0187440fba1f3ebed755c0ed9,adaptive,2026-10-02T17:14:40.399+00:00
26d02c5ee22342c9b2c92e81cfb87097,adaptive,2026-10-02T18:11:57.788+00:00
4a22c1b783894d37892ac198b3da4d15,pop_entropy,2026-10-02T17:36:15.490+00:00
6735f3c2acb240e298d840659422cbb2,pop_entropy,2026-10-02T22:02:47.947+00:00
6ea48b55840b496892c67af01e4347a1,pop_entropy,2026-10-02T18:06:46.499+00:00
7831fce95aed4242b098cfb1a35bb51a,pop_entropy,2026-10-02T18:07:29.019+00:00
794942c44df841e48d157367b5e3be27,pop_entropy,2026-10-02T22:13:33.811+00:00
7acc0e1f078a494e9d84d427a352dac2,adaptive,2026-10-02T18:06:41.070+00:00
95b3c0d693e947ebbf64b183bb40a34b,adaptive,2026-10-02T18:16:56.022+00:00
9b83ed6d04254a9ab0de96c4bd0e387a,pop_entropy,2026-10-02T18:11:28.379+00:00
9d10c755bd414c82918df074c1d6d8a9,adaptive,2026-10-02T17:50:19.329+00:00
aae9cb114f654b74a724cf553426a4b7,pop_entropy,2026-10-02T18:47:33.164+00:00
ab5fb06b488c4221b0c2c21cfd782d1a,pop_entropy,2026-10-02T21:23:49.503+00:00
b90ee73ed4d845c6bb68a8c0d9199632,pop_entropy,2026-10-02T17:45:07.327+00:00
ba9e312098e543b39a06846e274fea1f,pop_entropy,2026-10-02T17:56:48.560+00:00
bcf2d3aa646144348459b153a22a682e,pop_entropy,2026-10-02T17:58:53.508+00:00
bfa3c236df5f4876852049d3812334b0,pop_entropy,2026-10-02T18:57:51.394+00:00
ce855be4f7eb4ceda854570ce383c399,pop_entropy,2026-10-02T18:30:33.222+00:00
df7792644ff14b0880ad8387e859d4fa,pop_entropy,2026-10-02T18:06:24.176+00:00
e7be435181e945d6adc647a8b0f4ef97,adaptive,2026-10-02T18:55:48.462+00:00
f69b65c6d1794feeadfc7360a8c8de3f,adaptive,2026-10-02T17:50:20.345+00:00
ff3282dce8c44ed8be6cad41a567500a,pop_entropy,2026-10-02T18:12:41.130+00:00
