strategy,swipes,ndcg,ndcg_ci,recall,recall_ci,precision,precision_ci,unseen_frac,unseen_frac_ci,n_rated,n_rated_ci
adaptive,0,0.518,0.0273,0.4913,0.0257,0.4563,0.0268,,,0.0,0.0
adaptive,5,0.5057,0.0261,0.4818,0.0251,0.446,0.0257,0.77,0.0279,1.15,0.1395
adaptive,10,0.5047,0.0266,0.4779,0.0258,0.442,0.0262,0.7613,0.0262,2.3867,0.2617
adaptive,15,0.4952,0.0272,0.4791,0.0259,0.444,0.0264,0.6902,0.0235,4.6467,0.3531
adaptive,20,0.4896,0.0269,0.4704,0.0254,0.4377,0.0264,0.663,0.0225,6.74,0.4491
adaptive,25,0.4944,0.0265,0.4737,0.0245,0.4417,0.0259,0.6541,0.0222,8.6467,0.5541
adaptive,30,0.4985,0.0267,0.4791,0.0248,0.4467,0.0263,0.6571,0.0219,10.2867,0.6562
adaptive,35,0.4987,0.0273,0.4745,0.0251,0.4437,0.0265,0.6599,0.0216,11.9033,0.7558
adaptive,40,0.5053,0.0271,0.478,0.0246,0.447,0.0262,0.6628,0.0214,13.4867,0.8564
adaptive,45,0.5091,0.027,0.4831,0.0246,0.4513,0.0262,0.6625,0.0211,15.1867,0.9475
adaptive,50,0.5118,0.0265,0.484,0.0245,0.452,0.0263,0.6653,0.0208,16.7333,1.0409
lenskit_itemknn,0,0.4704,0.0276,0.4526,0.0264,0.4784,0.0286,,,0.0,0.0
lenskit_itemknn,5,0.4712,0.0274,0.457,0.0258,0.4552,0.0269,0.77,0.0279,1.15,0.1395
lenskit_itemknn,10,0.4746,0.027,0.4638,0.025,0.4475,0.0257,0.7613,0.0262,2.3867,0.2617
lenskit_itemknn,15,0.4704,0.0269,0.4664,0.0255,0.4442,0.026,0.6902,0.0235,4.6467,0.3531
lenskit_itemknn,20,0.4654,0.0267,0.467,0.0254,0.4412,0.0259,0.663,0.0225,6.74,0.4491
lenskit_itemknn,25,0.4593,0.0266,0.4657,0.0252,0.4392,0.0257,0.6541,0.0222,8.6467,0.5541
lenskit_itemknn,30,0.4555,0.0263,0.459,0.0246,0.4321,0.0251,0.6571,0.0219,10.2867,0.6562
lenskit_itemknn,35,0.4518,0.0266,0.4591,0.0247,0.4315,0.0253,0.6599,0.0216,11.9033,0.7558
lenskit_itemknn,40,0.4552,0.0269,0.4593,0.0252,0.4303,0.0259,0.6628,0.0214,13.4867,0.8564
lenskit_itemknn,45,0.4526,0.0269,0.4595,0.0252,0.4303,0.0257,0.6625,0.0211,15.1867,0.9475
lenskit_itemknn,50,0.447,0.0262,0.4562,0.025,0.4253,0.0254,0.6653,0.0208,16.7333,1.0409
lenskit_pop,0,0.3749,0.0288,0.3536,0.0267,0.3317,0.0269,,,0.0,0.0
lenskit_pop,5,0.3749,0.0288,0.3536,0.0267,0.3317,0.0269,0.77,0.0279,1.15,0.1395
lenskit_pop,10,0.3749,0.0288,0.3536,0.0267,0.3317,0.0269,0.7613,0.0262,2.3867,0.2617
lenskit_pop,15,0.3749,0.0288,0.3536,0.0267,0.3317,0.0269,0.6902,0.0235,4.6467,0.3531
lenskit_pop,20,0.3749,0.0288,0.3536,0.0267,0.3317,0.0269,0.663,0.0225,6.74,0.4491
lenskit_pop,25,0.3749,0.0288,0.3536,0.0267,0.3317,0.0269,0.6541,0.0222,8.6467,0.5541
lenskit_pop,30,0.3749,0.0288,0.3536,0.0267,0.3317,0.0269,0.6571,0.0219,10.2867,0.6562
lenskit_pop,35,0.3749,0.0288,0.3536,0.0267,0.3317,0.0269,0.6599,0.0216,11.9033,0.7558
lenskit_pop,40,0.3749,0.0288,0.3536,0.0267,0.3317,0.0269,0.6628,0.0214,13.4867,0.8564
lenskit_pop,45,0.3749,0.0288,0.3536,0.0267,0.3317,0.0269,0.6625,0.0211,15.1867,0.9475
lenskit_pop,50,0.3749,0.0288,0.3536,0.0267,0.3317,0.0269,0.6653,0.0208,16.7333,1.0409
pop_entropy,0,0.518,0.0273,0.4913,0.0257,0.4563,0.0268,,,0.0,0.0
pop_entropy,5,0.5088,0.0269,0.4859,0.0258,0.451,0.0267,0.7467,0.0307,1.2667,0.1533
pop_entropy,10,0.5087,0.0263,0.4841,0.025,0.449,0.026,0.768,0.0262,2.32,0.2617
pop_entropy,15,0.5055,0.026,0.4803,0.025,0.4447,0.0258,0.7727,0.0251,3.41,0.3769
pop_entropy,20,0.5052,0.0261,0.4784,0.0248,0.4423,0.0255,0.7843,0.0238,4.3133,0.4763
pop_entropy,25,0.5043,0.0264,0.4772,0.0252,0.4417,0.026,0.7833,0.024,5.4167,0.5989
pop_entropy,30,0.5106,0.026,0.4824,0.0248,0.447,0.0257,0.7803,0.0234,6.59,0.7024
pop_entropy,35,0.509,0.0259,0.4795,0.0246,0.444,0.0255,0.7873,0.023,7.4433,0.8049
pop_entropy,40,0.5086,0.0263,0.4824,0.0249,0.4467,0.0257,0.7938,0.0224,8.2467,0.8954
pop_entropy,45,0.5033,0.0264,0.4768,0.0248,0.4417,0.0256,0.7961,0.0221,9.1767,0.9957
pop_entropy,50,0.5053,0.0265,0.4797,0.0254,0.4437,0.0259,0.7963,0.0216,10.1833,1.0811
popularity,0,0.518,0.0273,0.4913,0.0257,0.4563,0.0268,,,0.0,0.0
popularity,5,0.4904,0.0262,0.4758,0.0251,0.4407,0.026,0.398,0.0347,3.01,0.1735
popularity,10,0.4918,0.0259,0.4676,0.0247,0.435,0.0262,0.4547,0.031,5.4533,0.3102
popularity,15,0.4946,0.0263,0.4726,0.0252,0.4407,0.0266,0.4907,0.0304,7.64,0.4566
popularity,20,0.4954,0.0262,0.4737,0.0244,0.4413,0.0259,0.5085,0.0293,9.83,0.5852
popularity,25,0.4945,0.0271,0.4722,0.0255,0.4403,0.0267,0.5304,0.0281,11.74,0.7037
popularity,30,0.4954,0.0276,0.4718,0.0261,0.44,0.0274,0.5507,0.0273,13.48,0.8181
popularity,35,0.4935,0.0272,0.4689,0.0251,0.4383,0.0267,0.5695,0.0267,15.0667,0.934
popularity,40,0.4912,0.0265,0.4663,0.0249,0.4353,0.0264,0.5851,0.0263,16.5967,1.0538
popularity,45,0.4943,0.0267,0.4706,0.0251,0.4393,0.0264,0.5961,0.0259,18.1767,1.1673
popularity,50,0.5041,0.0268,0.4782,0.0251,0.4467,0.0264,0.6062,0.0256,19.69,1.2823
random,0,0.518,0.0273,0.4913,0.0257,0.4563,0.0268,,,0.0,0.0
random,5,0.5183,0.0273,0.4917,0.0258,0.4567,0.0268,0.9893,0.0051,0.0533,0.0255
random,10,0.5188,0.0273,0.4923,0.0258,0.4573,0.0268,0.9893,0.0041,0.1067,0.0407
random,15,0.5194,0.0273,0.493,0.0258,0.458,0.0268,0.9884,0.0037,0.1733,0.0559
random,20,0.5196,0.0273,0.4933,0.0258,0.4583,0.0268,0.9877,0.0033,0.2467,0.0667
random,25,0.5188,0.0272,0.4927,0.0257,0.4577,0.0268,0.9879,0.0031,0.3033,0.0767
random,30,0.5182,0.0273,0.492,0.0258,0.457,0.0268,0.9883,0.0028,0.35,0.0854
random,35,0.5173,0.0272,0.491,0.0257,0.456,0.0267,0.989,0.0027,0.3867,0.0928
random,40,0.5172,0.0272,0.4901,0.0256,0.4557,0.0267,0.9884,0.0025,0.4633,0.0985
random,45,0.5163,0.0273,0.4901,0.0257,0.4557,0.0268,0.9885,0.0024,0.5167,0.1093
random,50,0.5166,0.0273,0.4907,0.0258,0.4563,0.0269,0.9881,0.0024,0.5933,0.1193
